{
  "top1_accuracy": 0.8427326732673267,
  "top5_accuracy": 0.9668118811881188,
  "num_samples": 25250
}